"future","playerID","firstName","lastName","name","team","logo","playerURL","hardrock_odds","hardrock_line","hardrock_mult","hardrock_winPct","hardrock_win","hardrock_odds_under","hardrock_mult_under","hardrock_win_under","draftkings_odds","draftkings_line","draftkings_mult","draftkings_winPct","draftkings_win","draftkings_odds_under","draftkings_mult_under","draftkings_win_under","fanduel_odds","fanduel_line","fanduel_mult","fanduel_winPct","fanduel_win","fanduel_odds_under","fanduel_mult_under","fanduel_win_under","mgm_odds","mgm_line","mgm_mult","mgm_winPct","mgm_win","mgm_odds_under","mgm_mult_under","mgm_win_under","betrivers_odds","betrivers_line","betrivers_mult","betrivers_winPct","betrivers_win","betrivers_odds_under","betrivers_mult_under","betrivers_win_under","caesars_odds","caesars_line","caesars_mult","caesars_winPct","caesars_win","caesars_odds_under","caesars_mult_under","caesars_win_under","thescore_odds","thescore_line","thescore_mult","thescore_winPct","thescore_win","thescore_odds_under","thescore_mult_under","thescore_win_under","best_oddsBook","best_odds","best_line","best_mult","best_winPct","best_win","date"
"Most Improved Player","5152","Deni","Avdija","Deni Avdija","POR","https://content.rotowire.com/images/teamlogo/basketball/100POR.png?v=10","/betting/nba/player/deni-avdija-odds-5152","-120","0.0",0.833333333333333,"45.5","16.67",NA,NA,NA,NA,NA,NA,NA,NA,NA,NA,NA,NA,NA,NA,NA,NA,NA,NA,NA,NA,NA,NA,NA,NA,NA,NA,NA,NA,NA,NA,NA,NA,NA,NA,NA,NA,NA,NA,NA,NA,NA,NA,NA,NA,NA,NA,NA,NA,NA,NA,NA,"hardrock","-120","0.0",0.833333333333333,NA,"16.67",2026-04-20
"Most Improved Player","5329","Jalen","Johnson","Jalen Johnson","ATL","https://content.rotowire.com/images/teamlogo/basketball/100ATL.png?v=10","/betting/nba/player/jalen-johnson-odds-5329","240","0.0",2.4,"24.5","48.00",NA,NA,NA,NA,NA,NA,NA,NA,NA,NA,NA,NA,NA,NA,NA,NA,NA,NA,NA,NA,NA,NA,NA,NA,NA,NA,NA,NA,NA,NA,NA,NA,NA,NA,NA,NA,NA,NA,NA,NA,NA,NA,NA,NA,NA,NA,NA,NA,NA,NA,NA,"hardrock","240","0.0",2.4,NA,"48.00",2026-04-20
"Most Improved Player","5899","Keyonte","George","Keyonte George","UTA","https://content.rotowire.com/images/teamlogo/basketball/100UTA.png?v=10","/betting/nba/player/keyonte-george-odds-5899","800","0.0",8,"9.3","160.00",NA,NA,NA,NA,NA,NA,NA,NA,NA,NA,NA,NA,NA,NA,NA,NA,NA,NA,NA,NA,NA,NA,NA,NA,NA,NA,NA,NA,NA,NA,NA,NA,NA,NA,NA,NA,NA,NA,NA,NA,NA,NA,NA,NA,NA,NA,NA,NA,NA,NA,NA,"hardrock","800","0.0",8,NA,"160.00",2026-04-20
"Most Improved Player","4765","Nickeil","Alexander-Walker","Nickeil Alexander-Walker","ATL","https://content.rotowire.com/images/teamlogo/basketball/100ATL.png?v=10","/betting/nba/player/nickeil-alexander-walker-odds-4765","1000","0.0",10,"7.6","200.00",NA,NA,NA,NA,NA,NA,NA,NA,NA,NA,NA,NA,NA,NA,NA,NA,NA,NA,NA,NA,NA,NA,NA,NA,NA,NA,NA,NA,NA,NA,NA,NA,NA,NA,NA,NA,NA,NA,NA,NA,NA,NA,NA,NA,NA,NA,NA,NA,NA,NA,NA,"hardrock","1000","0.0",10,NA,"200.00",2026-04-20
"Most Improved Player","5703","Jalen","Duren","Jalen Duren","DET","https://content.rotowire.com/images/teamlogo/basketball/100DET.png?v=10","/betting/nba/player/jalen-duren-odds-5703","2000","0.0",20,"4.0","400.00",NA,NA,NA,NA,NA,NA,NA,NA,NA,NA,NA,NA,NA,NA,NA,NA,NA,NA,NA,NA,NA,NA,NA,NA,NA,NA,NA,NA,NA,NA,NA,NA,NA,NA,NA,NA,NA,NA,NA,NA,NA,NA,NA,NA,NA,NA,NA,NA,NA,NA,NA,"hardrock","2000","0.0",20,NA,"400.00",2026-04-20
"Most Improved Player","5910","Anthony","Black","Anthony Black","ORL","https://content.rotowire.com/images/teamlogo/basketball/100ORL.png?v=10","/betting/nba/player/anthony-black-odds-5910","4000","0.0",40,"2.0","800.00",NA,NA,NA,NA,NA,NA,NA,NA,NA,NA,NA,NA,NA,NA,NA,NA,NA,NA,NA,NA,NA,NA,NA,NA,NA,NA,NA,NA,NA,NA,NA,NA,NA,NA,NA,NA,NA,NA,NA,NA,NA,NA,NA,NA,NA,NA,NA,NA,NA,NA,NA,"hardrock","4000","0.0",40,NA,"800.00",2026-04-20
"Most Improved Player","5668","Ryan","Rollins","Ryan Rollins","MIL","https://content.rotowire.com/images/teamlogo/basketball/100MIL.png?v=10","/betting/nba/player/ryan-rollins-odds-5668","5000","0.0",50,"1.6","1,000.00",NA,NA,NA,NA,NA,NA,NA,NA,NA,NA,NA,NA,NA,NA,NA,NA,NA,NA,NA,NA,NA,NA,NA,NA,NA,NA,NA,NA,NA,NA,NA,NA,NA,NA,NA,NA,NA,NA,NA,NA,NA,NA,NA,NA,NA,NA,NA,NA,NA,NA,NA,"hardrock","5000","0.0",50,NA,"1,000.00",2026-04-20
"Most Improved Player","4125","Dillon","Brooks","Dillon Brooks","PHX","https://content.rotowire.com/images/teamlogo/basketball/100PHX.png?v=10","/betting/nba/player/dillon-brooks-odds-4125","6000","0.0",60,"1.4","1,200.00",NA,NA,NA,NA,NA,NA,NA,NA,NA,NA,NA,NA,NA,NA,NA,NA,NA,NA,NA,NA,NA,NA,NA,NA,NA,NA,NA,NA,NA,NA,NA,NA,NA,NA,NA,NA,NA,NA,NA,NA,NA,NA,NA,NA,NA,NA,NA,NA,NA,NA,NA,"hardrock","6000","0.0",60,NA,"1,200.00",2026-04-20
"Most Improved Player","5732","Collin","Gillespie","Collin Gillespie","PHX","https://content.rotowire.com/images/teamlogo/basketball/100PHX.png?v=10","/betting/nba/player/collin-gillespie-odds-5732","6000","0.0",60,"1.4","1,200.00",NA,NA,NA,NA,NA,NA,NA,NA,NA,NA,NA,NA,NA,NA,NA,NA,NA,NA,NA,NA,NA,NA,NA,NA,NA,NA,NA,NA,NA,NA,NA,NA,NA,NA,NA,NA,NA,NA,NA,NA,NA,NA,NA,NA,NA,NA,NA,NA,NA,NA,NA,"hardrock","6000","0.0",60,NA,"1,200.00",2026-04-20
"Most Improved Player","6277","Jaylon","Tyson","Jaylon Tyson","CLE","https://content.rotowire.com/images/teamlogo/basketball/100CLE.png?v=10","/betting/nba/player/jaylon-tyson-odds-6277","6000","0.0",60,"1.4","1,200.00",NA,NA,NA,NA,NA,NA,NA,NA,NA,NA,NA,NA,NA,NA,NA,NA,NA,NA,NA,NA,NA,NA,NA,NA,NA,NA,NA,NA,NA,NA,NA,NA,NA,NA,NA,NA,NA,NA,NA,NA,NA,NA,NA,NA,NA,NA,NA,NA,NA,NA,NA,"hardrock","6000","0.0",60,NA,"1,200.00",2026-04-20
"Most Improved Player","4375","Michael","Porter","Michael Porter","BKN","https://content.rotowire.com/images/teamlogo/basketball/100BKN.png?v=10","/betting/nba/player/michael-porter-odds-4375","7500","0.0",75,"1.1","1,500.00",NA,NA,NA,NA,NA,NA,NA,NA,NA,NA,NA,NA,NA,NA,NA,NA,NA,NA,NA,NA,NA,NA,NA,NA,NA,NA,NA,NA,NA,NA,NA,NA,NA,NA,NA,NA,NA,NA,NA,NA,NA,NA,NA,NA,NA,NA,NA,NA,NA,NA,NA,"hardrock","7500","0.0",75,NA,"1,500.00",2026-04-20
"Most Improved Player","5960","Jaime","Jaquez","Jaime Jaquez","MIA","https://content.rotowire.com/images/teamlogo/basketball/100MIA.png?v=10","/betting/nba/player/jaime-jaquez-odds-5960","50000","0.0",500,"0.2","10,000.00",NA,NA,NA,NA,NA,NA,NA,NA,NA,NA,NA,NA,NA,NA,NA,NA,NA,NA,NA,NA,NA,NA,NA,NA,NA,NA,NA,NA,NA,NA,NA,NA,NA,NA,NA,NA,NA,NA,NA,NA,NA,NA,NA,NA,NA,NA,NA,NA,NA,NA,NA,"hardrock","50000","0.0",500,NA,"10,000.00",2026-04-20
"Most Improved Player","5931","Amen","Thompson","Amen Thompson","HOU","https://content.rotowire.com/images/teamlogo/basketball/100HOU.png?v=10","/betting/nba/player/amen-thompson-odds-5931","50000","0.0",500,"0.2","10,000.00",NA,NA,NA,NA,NA,NA,NA,NA,NA,NA,NA,NA,NA,NA,NA,NA,NA,NA,NA,NA,NA,NA,NA,NA,NA,NA,NA,NA,NA,NA,NA,NA,NA,NA,NA,NA,NA,NA,NA,NA,NA,NA,NA,NA,NA,NA,NA,NA,NA,NA,NA,"hardrock","50000","0.0",500,NA,"10,000.00",2026-04-20
